horizon,arr_mae,arr_rmse,arr_r2,dep_mae,dep_rmse,dep_r2
3,8.19049962781317,10.836790390930936,0.014481742046269508,7.985285293519264,10.576415656413392,-0.012122179311007564
6,8.154924870320947,10.866941940605845,0.009510773970265562,7.943909519228353,10.605851299389153,-0.017213940243542725
12,8.205764045055853,10.947646433591897,-0.004274407989738105,7.965067460294914,10.664893130954841,-0.027545409984824465
