horizon,arr_mae,arr_rmse,arr_r2,dep_mae,dep_rmse,dep_r2
3,6.795386058154099,9.152088022371382,0.2970835532639038,7.664383919873147,10.363181134852002,0.028277856677380586
6,7.996254769318732,10.739591022677011,0.03259005240279267,7.948400560222894,10.799940697540434,-0.05478507827968837
12,8.166432594655092,10.9440799264543,-0.003620172682237577,8.056265519445024,10.979530285602708,-0.08906933511181503
