horizon,arr_mae,arr_rmse,arr_r2,dep_mae,dep_rmse,dep_r2
3,6.76583,9.892488,0.1793231964111328,6.841415,9.81085,0.12972551584243774
6,7.22375,10.228804,0.12299376726150513,7.208838,10.14457,0.06999057531356812
12,7.913414,10.800916,0.022834300994873047,7.4498177,10.390608,0.02437734603881836
