metric,value
precision,0.8474803449956109
recall,0.9394902214129947
f1,0.891116515822284
accuracy,0.8574585232451829
mae,8.262107849121094
rmse,10.74246883392334
arrival_mae,5.46266
arrival_rmse,8.42347
arrival_r2,0.38987159729003906
departure_mae,5.905099
departure_rmse,9.027528
departure_r2,0.2561848759651184
