metric,value
precision,0.8310112325347656
recall,0.6587339792893439
f1,0.7349113499709555
accuracy,0.6432764585484192
mae,4.3516364097595215
rmse,7.560423374176025
arrival_mae,7.0447593
arrival_rmse,9.782063
arrival_r2,0.23312664031982422
departure_mae,4.7411222
departure_rmse,7.026348
departure_r2,0.22508543729782104
