horizon,arr_mae,arr_rmse,arr_r2,dep_mae,dep_rmse,dep_r2
3,7.8134713,10.344972,0.1440119743347168,5.0710053,7.2403955,0.17602747678756714
6,8.028859,10.579518,0.10485982894897461,5.290636,7.452712,0.12709534168243408
12,8.571435,11.246863,-0.011482834815979004,5.7219605,7.9410405,0.009076356887817383
