horizon,arr_mae,arr_rmse,arr_r2,dep_mae,dep_rmse,dep_r2
3,7.052046,10.001303,0.16116923093795776,6.4963207,9.761015,0.13854432106018066
6,7.568125,10.521651,0.07205784320831299,6.793139,10.138735,0.07106012105941772
12,7.959767,10.861157,0.011903703212738037,6.9416003,10.344754,0.03296923637390137
