horizon,arr_mae,arr_rmse,arr_r2,dep_mae,dep_rmse,dep_r2
3,6.64512858670019,9.107126062478685,0.3039730998754556,7.404768006856387,9.918993025857487,0.10979282367004206
6,7.793907472346944,10.677625249988207,0.04372145663367677,7.746278521676832,10.489250729515128,0.005029581000025707
12,8.614524875167541,11.682991248499583,-0.14371804313535708,8.396981470953328,11.311274518426757,-0.15587559186578526
