epoch,training_loss,validation_loss,validation_mae
1,1.4562643752927364,1.113903572989098,9.119585218331958
2,0.9548697798148446,1.0795938279496315,8.768589268160342
