epoch,training_loss,validation_loss,validation_mae,validation_r2,validation_rmse,epsilon,learning_rate,epoch_time
1,0.9033397331730119,0.8458161743650658,6.391531875526314,0.16727412572652955,8.945469716399325,No DP,0.0005,71.36291837692261
2,0.8928861508789859,0.900063429837065,7.298406696147556,0.05504867505692453,9.523915326063696,No DP,0.0005,58.57611536979675
3,0.8904605047332161,0.8825040088079323,6.971020179235587,0.09011494626397053,9.345961646774244,No DP,0.0005,52.904085874557495
4,0.8889403258841442,0.8606795145820689,6.685294652557366,0.13664489000757274,9.107482272116034,No DP,0.0005,53.81499409675598
5,0.8884218232122763,0.871254037527264,6.839464001744581,0.11495948039340709,9.218530078513517,No DP,0.0005,53.7888720035553
6,0.8870917813130709,0.8626975261211941,6.680427262495004,0.13243295994921536,9.1288671856053,No DP,0.00025,57.75950288772583
7,0.8867508136341025,0.8606720745404399,6.688650655584258,0.13614387336723643,9.110516361816915,No DP,0.00025,61.31318712234497
