epoch,training_loss,validation_loss,validation_mae,validation_r2,validation_rmse,epsilon,learning_rate,epoch_time
1,0.9030473082220472,0.8497903564840923,6.385112555208843,0.1595413885072583,8.986453133952436,No DP,0.0005,64.86528539657593
2,0.8900349207931217,0.8590037914551061,6.59315455187826,0.14074575551745167,9.086764423086786,No DP,0.0005,48.549097299575806
3,0.8886644392859908,0.8777690344804182,6.784986304852285,0.10153306643966646,9.289904398345135,No DP,0.0005,50.77967834472656
4,0.8876564204692841,0.8538398544852307,6.450890770534258,0.1492728147633442,9.041577971294119,No DP,0.0005,49.882983922958374
