epoch,training_loss,validation_loss,validation_mae,validation_r2,validation_rmse,epsilon,learning_rate,epoch_time
1,0.9021497220838153,0.8976490282036532,7.245462867021163,0.06097274704216913,9.496172518159819,No DP,0.0005,69.0810124874115
2,0.8918235489359588,0.8962744899151875,7.22290800632807,0.06399396420214502,9.47904221985024,No DP,0.0005,47.68020153045654
