epoch,training_loss,validation_loss,validation_mae,validation_r2,validation_rmse,epsilon,learning_rate,epoch_time
1,0.9485008489089887,0.8717986137239333,6.82855832968727,0.11551609315270082,9.217245988767436,3.7451862844030117,0.0005,821.1317970752716
2,0.9213129864214744,0.8464370402641849,6.455713319195193,0.16486164146913526,8.958948318188781,4.220933217574343,0.0005,747.6604423522949
3,0.916564236245963,0.8416643810420718,6.364099863436817,0.17422978814884846,8.908791869096616,4.564893972073508,0.0005,740.689208984375
4,0.9121651020929598,0.8359861383068982,6.22986777889373,0.18524150859499725,8.849409134700911,4.853373280441612,0.0005,741.1547982692719
5,0.9048689729652936,0.834793352551907,6.085429074488599,0.1863665465148545,8.843735416984575,5.109737187592884,0.0005,773.3455228805542
6,0.9018148920928796,0.835600325555742,6.103654633229408,0.18473001926077426,8.852549428472763,5.344449878577097,0.0005,757.2655863761902
7,0.9005082683192605,0.8354568516676226,6.150736258833482,0.18553536132861456,8.84793789222526,5.563132075005975,0.0005,754.28053855896
8,0.8995618645248723,0.8344096102192666,6.154055760519959,0.18786167325683625,8.835254614887651,5.76930943362278,0.0005,751.9897041320801
9,0.8990525445639396,0.8347709989917464,6.1697096909343045,0.1872506196702974,8.838521701241616,5.965333349663235,0.0005,749.843631029129
