step,arrival_mae,arrival_rmse,arrival_r2,departure_mae,departure_rmse,departure_r2
3,8.151497652652104,10.896144902996207,0.1876858723806848,5.826738477798235,8.052384734277032,0.18924577108199103
6,8.39964509169838,11.195029335469064,0.14261756687047733,5.989721353214583,8.277501866099314,0.14355963709685415
12,8.647517832958483,11.498903610729904,0.09587368720901301,6.249971978384036,8.54158586792127,0.0885043939805108
avg,8.37795813671889,11.172219125718316,0.14573346006985585,6.03116117198705,8.272293475062186,0.1441308679263479
