step,arrival_mae,arrival_rmse,arrival_r2,departure_mae,departure_rmse,departure_r2
3,8.136462956776121,10.86088383382504,0.1929348331672217,5.72043927647878,7.99241909971745,0.20127608706452238
6,8.385287949976716,11.169968276069486,0.14645192250615413,5.970581262825009,8.257266620785186,0.14774184043567118
12,8.707241289037158,11.520015452577745,0.09255071054500608,6.358722119797975,8.52617099370896,0.09179135073126321
avg,8.393976145443235,11.174940136395955,0.14527471920390425,5.99987937461556,8.24082241104884,0.15053912085143464
